t,o,h,l,c,a,v,ch
2016-07-11,31.897,32.797,31.873,32.697,29.658593,8019285,3.29
2016-07-18,33.11,33.67,32.96,33.517,30.402401,7096215,2.51
2016-07-25,33.51,35.343,33.51,34.667,31.445546,12064494,3.43
2016-08-01,34.743,35.0,33.953,34.963,31.714648,9709374,0.86
2016-08-08,35.083,35.34,34.82,35.263,31.986773,5975124,0.86
2016-08-15,35.337,36.137,35.297,36.05,32.700345,6513993,2.23
2016-08-22,35.993,36.523,35.833,36.25,32.881762,4386081,0.55
2016-08-29,36.403,36.777,36.097,36.55,33.153887,8497494,0.83
2016-09-06,36.613,36.663,34.737,34.843,31.605798,8799231,-4.67
2016-09-12,34.56,36.69,34.443,36.32,32.945258,8170530,4.24
2016-09-19,36.547,37.05,36.11,36.443,33.057131,5426928,0.34
2016-09-26,36.033,37.907,35.783,37.663,34.307139,6978735,3.78
2016-10-03,37.753,37.917,37.17,37.75,34.386084,12491619,0.23
2016-10-10,37.927,38.07,35.633,36.49,33.238363,8096748,-3.34
2016-10-17,36.453,36.957,36.22,36.73,33.456976,5940459,0.66
2016-10-24,36.923,37.767,36.88,36.92,33.630045,5838153,0.52
2016-10-31,37.05,37.42,36.0,36.253,33.022785,7820607,-1.81
2016-11-07,36.927,37.823,36.033,37.763,34.398228,18399618,4.17
2016-11-14,37.95,39.46,37.467,39.41,35.89816,6116445,4.36
2016-11-21,39.53,40.237,39.393,40.217,36.632944,4015395,2.05
2016-11-28,40.12,40.28,37.623,38.317,34.902254,8911326,-4.72
2016-12-05,38.65,40.89,38.397,40.343,36.748324,6143103,5.29
2016-12-12,40.183,41.473,39.707,40.73,37.100535,8782593,0.96
2016-12-19,40.837,41.897,40.787,41.843,38.203549,5539038,2.97
2016-12-27,41.927,42.637,40.773,40.907,37.348359,7597674,-2.24
2017-01-03,41.047,41.493,40.513,40.993,37.427487,5825058,0.21
2017-01-09,41.137,41.79,40.793,41.69,38.063554,5409366,1.7
2017-01-17,41.537,42.183,40.883,41.927,38.279633,6906585,0.57
2017-01-23,41.77,43.41,41.347,43.397,39.621764,9054222,3.51
2017-01-30,43.2,43.58,42.357,43.5,39.716109,7050579,0.24
2017-02-06,43.587,44.067,43.063,43.487,39.703935,5199255,-0.03
2017-02-13,43.607,44.097,43.187,44.09,40.254787,4168509,1.39
2017-02-21,44.24,44.78,43.134,43.967,40.142182,6034305,-0.28
2017-02-27,43.99,44.717,43.729,44.023,40.19392,8852424,0.13
2017-03-06,43.9,44.933,43.537,44.84,40.939548,8137197,1.86
2017-03-13,44.977,45.557,44.673,45.447,41.493442,6087417,1.35
2017-03-20,45.563,45.987,44.597,45.293,41.461713,7905024,-0.08
2017-03-27,44.86,45.858,44.673,45.63,41.769899,4813884,0.74
2017-04-03,45.65,45.76,44.413,45.063,41.25117,6713838,-1.24
2017-04-10,45.067,45.11,43.287,43.303,39.640058,5426385,-3.91
2017-04-17,43.473,45.057,43.473,44.787,40.997908,7949475,3.43
2017-04-24,45.443,46.22,45.25,45.37,41.531894,10490052,1.3
2017-05-01,45.48,45.833,45.084,45.64,41.779053,8730930,0.6
2017-05-08,45.617,47.27,45.373,47.187,43.194878,7250610,3.39
2017-05-15,47.387,48.623,46.387,47.897,43.844815,10067817,1.5
2017-05-22,48.207,49.033,47.857,49.01,44.863966,5581983,2.32
2017-05-30,49.007,49.943,48.95,49.883,45.663419,5143089,1.78
2017-06-05,49.867,51.983,48.303,49.3,45.129433,10211553,-1.17
2017-06-12,48.683,49.833,47.603,48.253,44.17131,15727689,-2.12
2017-06-19,48.787,49.49,48.607,49.213,45.050098,6308484,1.99
2017-06-26,49.493,49.76,46.347,46.733,42.8853,10531899,-4.81
2017-07-03,47.11,47.81,46.077,47.62,43.698959,9127338,1.9
2017-07-10,47.803,49.88,47.503,49.853,45.748398,6389427,4.69
2017-07-17,50.023,50.477,49.17,49.98,45.864636,5632152,0.25
2017-07-24,50.053,50.55,48.977,49.377,45.31098,8454177,-1.21
2017-07-31,49.383,49.687,48.517,48.777,44.760384,6891987,-1.22
2017-08-07,48.903,50.053,47.593,48.2,44.231201,5146089,-1.18
2017-08-14,48.783,49.84,48.21,48.45,44.460616,5155104,0.52
2017-08-21,48.52,49.367,47.79,48.86,44.836857,5955711,0.85
2017-08-28,48.93,50.9,48.373,50.637,46.467232,6284160,3.64
2017-09-05,50.457,50.52,49.337,49.52,45.442512,6183555,-2.21
2017-09-11,49.903,51.936,49.903,51.88,47.608189,5902536,4.77
2017-09-18,52.183,52.93,51.297,52.04,47.755015,6742443,0.31
2017-09-25,51.853,52.927,50.643,52.857,48.662883,6175446,1.9
2017-10-02,53.093,53.755,52.81,53.737,49.473061,3931665,1.66
2017-10-09,53.947,55.194,53.887,55.0,50.636159,3567675,2.35
2017-10-16,55.167,55.817,54.41,55.543,51.136383,3961887,0.99
2017-10-23,55.813,57.04,54.903,56.963,52.443716,5314950,2.56
2017-10-30,56.783,58.67,56.783,58.667,54.011903,10911342,2.99
2017-11-06,59.237,59.683,57.724,58.827,54.159208,10031070,0.27
2017-11-13,58.6,59.64,57.94,59.023,54.340271,6268626,0.33
2017-11-20,59.357,60.627,59.203,60.583,55.776496,7156926,2.64
2017-11-27,60.217,60.217,55.503,56.897,52.382339,18412329,-6.09
2017-12-04,57.573,57.643,54.793,56.007,51.562954,17280984,-1.56
2017-12-11,56.097,56.747,55.59,56.6,52.109211,11807928,1.06
2017-12-18,57.293,58.323,57.0,57.42,52.960852,9738627,1.63
2017-12-26,56.697,57.333,56.37,56.603,52.207606,3024039,-1.42
2018-01-02,56.91,60.076,56.84,59.83,55.183695,6693174,5.7
2018-01-08,59.87,60.487,58.517,59.663,55.029971,7267425,-0.28
2018-01-16,60.17,62.25,59.51,61.937,57.126761,6952971,3.81
2018-01-22,62.053,62.903,60.39,62.32,57.480326,9644475,0.62
2018-01-29,62.093,62.667,59.51,59.54,54.916216,9237549,-4.46
2018-02-05,58.657,59.973,54.393,56.7,52.296766,21334512,-4.77
2018-02-12,57.453,60.313,56.92,59.567,54.940811,8299326,5.06
2018-02-20,59.38,61.167,59.32,61.07,56.327399,6828450,2.52
2018-02-26,61.433,63.24,59.827,61.683,56.893101,7969560,1.0
2018-03-05,61.353,64.777,61.077,64.75,59.721616,6931398,4.97
2018-03-12,65.227,66.28,63.83,64.343,59.34653,9839082,-0.63
2018-03-19,63.763,64.52,59.817,59.84,55.301552,10523106,-6.82
2018-03-26,61.243,62.992,58.484,60.017,55.464819,11106753,0.3
2018-04-02,59.493,60.023,56.923,57.18,52.843294,8982273,-4.73
2018-04-09,57.853,61.337,57.507,60.077,55.520268,7523193,5.07
2018-04-16,60.433,61.467,57.153,57.407,53.052769,12487074,-4.44
2018-04-23,57.623,58.048,55.23,56.863,52.550644,17881200,-0.95
2018-04-30,56.767,58.697,55.997,58.593,54.149436,10849098,3.04
2018-05-07,59.073,61.637,58.86,61.067,56.435184,6536316,4.22
2018-05-14,61.83,62.557,60.65,60.867,56.250352,7512906,-0.33
2018-05-21,61.763,62.997,60.937,62.907,58.135632,6547146,3.35
2018-05-29,62.64,63.9,62.093,63.9,59.053629,6348705,1.58
2018-06-04,64.07,65.26,63.453,63.967,59.115239,7594332,0.1
2018-06-11,63.87,64.77,63.6,64.403,59.518788,14125947,0.68
2018-06-18,63.993,63.993,61.983,62.103,57.393227,8676573,-3.57
2018-06-25,61.437,61.437,58.59,59.413,55.096259,24154914,-4.0
2018-07-02,58.9,61.107,58.447,61.007,56.573818,6843744,2.68
2018-07-09,61.62,62.177,59.92,60.64,56.233794,7833252,-0.6
2018-07-16,60.727,62.013,60.053,61.473,57.006576,7419855,1.37
2018-07-23,61.157,62.913,60.08,62.033,57.525885,31625220,0.91
2018-07-30,62.007,62.697,60.967,62.48,57.940097,12096669,0.72
2018-08-06,62.36,63.633,61.027,61.317,56.861293,17242467,-1.86
2018-08-13,61.427,61.94,59.013,59.907,55.553746,9980313,-2.3
2018-08-20,59.99,62.3,59.18,62.267,57.742264,8480775,3.94
2018-08-27,62.773,63.863,62.637,63.44,58.830342,26681922,1.88
2018-09-04,63.21,64.063,61.55,61.697,57.213681,12764871,-2.75
2018-09-10,62.137,62.67,59.7,62.423,57.887547,8936580,1.18
2018-09-17,62.193,63.227,61.477,62.763,58.202842,7103235,0.54
2018-09-24,62.257,63.01,61.0,61.683,57.453634,6785631,-1.29
2018-10-01,62.0,62.75,58.863,59.417,55.342395,9384261,-3.67
2018-10-08,58.933,59.467,55.103,56.547,52.669194,19044729,-4.83
2018-10-15,56.303,58.447,55.157,55.393,51.594946,15705888,-2.04
2018-10-22,55.683,56.06,51.197,52.043,48.47466,30583779,-6.05
2018-10-29,53.097,57.0,50.527,56.013,52.172432,17166885,7.63
2018-11-05,55.927,57.003,54.57,55.553,51.743975,8813676,-0.82
2018-11-12,54.607,56.062,52.903,55.193,51.408661,17862423,-0.65
2018-11-19,54.92,55.079,51.507,53.4,49.738299,9451563,-3.25
2018-11-26,54.113,56.09,53.587,56.083,52.237632,10318497,5.02
2018-12-03,57.773,57.983,52.193,52.49,48.890698,11726235,-6.41
2018-12-10,52.307,55.097,52.173,53.383,49.722775,8213433,1.7
2018-12-17,53.193,54.1,49.657,49.793,46.477324,12756066,-6.53
2018-12-24,49.36,52.88,48.263,51.94,48.481033,10588032,4.31
2018-12-31,52.48,53.11,49.547,51.807,48.356579,10107693,-0.26
2019-01-07,51.96,55.393,51.743,54.943,51.284358,8061027,6.05
2019-01-14,54.323,55.95,53.04,55.617,51.91285,7300257,1.23
2019-01-22,55.08,58.17,53.163,57.93,54.072127,13314864,4.16
2019-01-28,55.823,58.533,55.643,58.253,54.373927,12986529,0.56
2019-02-04,58.22,60.877,57.8,58.983,55.055312,9842517,1.25
2019-02-11,59.12,61.533,58.803,61.197,57.121247,5415378,3.75
2019-02-19,60.917,62.02,60.843,61.833,57.715515,4253898,1.04
2019-02-25,62.763,63.077,60.543,61.79,57.675068,8868267,-0.07
2019-03-04,62.217,62.433,58.637,59.837,55.851817,8983503,-3.16
2019-03-11,60.137,63.643,60.067,63.15,58.944498,10921542,5.54
2019-03-18,63.293,65.713,62.647,63.44,59.376203,14416425,0.73
2019-03-25,62.99,63.813,61.817,63.18,59.132858,13869840,-0.41
2019-04-01,64.11,66.94,63.883,66.91,62.623924,9483159,5.9
2019-04-08,66.62,67.8,66.023,67.753,63.413235,6097422,1.26
2019-04-15,67.863,71.407,66.893,70.563,66.043234,9346656,4.15
2019-04-22,70.343,72.667,68.607,70.05,65.562784,10407234,-0.73
2019-04-29,70.083,71.527,69.633,71.183,66.623518,15479364,1.62
2019-05-06,68.703,70.047,65.45,67.067,62.770554,15483813,-5.78
2019-05-13,64.833,66.357,63.327,63.603,59.529073,24997635,-5.16
2019-05-20,61.533,62.647,59.067,59.527,55.713546,19060875,-6.41
2019-05-28,59.867,60.21,58.357,58.84,55.070866,11964660,-1.15
2019-06-03,59.507,62.793,58.677,62.663,58.649287,11844147,6.5
2019-06-10,63.437,65.51,61.24,61.66,57.710225,11984268,-1.6
2019-06-17,61.397,65.233,60.933,63.887,60.040065,10063092,4.04
2019-06-24,63.967,66.716,63.007,66.137,62.154593,9378711,3.52
2019-07-01,69.017,69.59,65.518,66.27,62.279899,7850838,0.2
2019-07-08,65.667,68.173,65.213,68.103,64.002848,7246953,2.77
2019-07-15,68.417,69.717,67.607,69.08,64.92071,4956435,1.43
2019-07-22,69.383,73.607,69.383,72.223,67.874784,8936214,4.55
2019-07-29,72.1,72.49,66.87,67.47,63.407648,9113562,-6.58
2019-08-05,65.493,67.64,63.97,66.437,62.43653,10230333,-1.53
2019-08-12,65.747,68.08,64.74,67.047,63.009802,8629851,0.92
2019-08-19,68.653,68.97,65.417,65.603,61.653372,13674252,-2.15
2019-08-26,66.597,68.863,65.203,68.243,64.134418,7784844,4.02
2019-09-03,67.49,71.876,66.733,71.233,66.944391,7533282,4.38
2019-09-09,71.523,73.77,70.71,72.907,68.516973,6699990,2.35
2019-09-16,72.357,73.05,70.667,70.923,66.653056,5168955,-2.72
2019-09-23,70.913,72.103,69.29,69.853,65.941564,7486635,-1.07
2019-09-30,70.163,71.863,67.977,71.163,67.178205,7063851,1.88
2019-10-07,71.117,72.847,68.477,72.017,67.983751,7764132,1.2
2019-10-14,71.967,73.735,71.26,71.9,67.873618,6437598,-0.16
2019-10-21,72.6,74.64,70.84,74.567,70.390952,7907046,3.71
2019-10-28,75.123,76.503,73.81,76.5,72.21602,6259650,2.59
2019-11-04,77.47,79.05,76.933,78.587,74.185833,7271751,2.73
2019-11-11,77.923,79.63,77.613,78.963,74.541407,5164788,0.48
2019-11-18,78.957,79.267,76.303,76.56,72.27266,6069369,-3.04
2019-11-25,77.29,78.677,77.29,77.823,73.465246,4758891,1.65
2019-12-02,77.903,78.357,74.617,78.13,73.75474,7246839,0.39
2019-12-09,78.313,82.75,77.763,81.503,76.939167,6441213,4.32
2019-12-16,82.11,83.97,81.93,83.773,79.361679,6141228,3.15
2019-12-23,84.43,84.62,83.75,84.107,79.677458,3618648,0.4
2019-12-30,84.087,85.43,82.9,83.837,79.421676,4235121,-0.32
2020-01-06,82.783,85.587,82.42,84.453,80.005869,6701574,0.74
2020-01-13,85.043,86.707,84.37,86.707,82.140537,6091599,2.67
2020-01-21,86.367,89.31,86.293,86.967,82.386845,5609022,0.3
2020-01-27,84.5,85.887,80.633,81.02,76.753341,10763613,-6.84
2020-02-03,81.267,86.58,81.213,84.443,79.996395,8816010,4.23
2020-02-10,83.657,89.787,83.657,88.5,83.839431,6949095,4.8
2020-02-18,87.157,89.733,85.303,85.643,81.133201,8774313,-3.23
2020-02-24,81.623,82.787,72.707,77.263,73.194507,22415940,-9.78
2020-03-02,78.633,81.402,75.11,76.963,72.910306,18624531,-0.39
2020-03-09,70.823,75.077,62.937,69.807,66.130521,22491009,-9.3
2020-03-16,62.667,65.623,55.93,58.887,55.785588,18916173,-15.64
2020-03-23,59.537,71.237,58.103,67.427,64.095763,16841238,14.9
2020-03-30,68.133,70.96,63.967,65.327,62.099504,17281449,-3.11
2020-04-06,68.163,75.77,68.163,72.53,68.946991,22415943,11.03
2020-04-13,72.253,78.043,71.67,77.133,73.322917,19570896,6.35
2020-04-20,75.973,77.103,71.527,76.91,73.110617,15529038,-0.29
2020-04-27,77.903,81.543,74.167,74.527,70.845021,22488771,-3.1
2020-05-04,73.817,80.43,73.523,80.347,76.37751,19011543,7.81
2020-05-11,79.593,81.083,74.703,77.057,73.250038,26331825,-4.09
2020-05-18,78.887,83.837,78.887,81.557,77.527736,19317204,5.84
2020-05-26,83.74,84.187,80.327,83.953,79.806007,20361816,2.94
2020-06-01,83.52,92.053,82.757,90.737,86.25424,12551286,8.08
2020-06-08,91.277,91.803,84.397,86.323,82.058928,15676077,-4.86
2020-06-15,84.24,90.933,83.947,89.093,84.876568,10514172,3.43
2020-06-22,89.0,91.007,86.643,87.06,82.939472,7452765,-2.28
2020-06-29,87.083,91.063,85.987,90.223,85.953086,10447656,3.63
2020-07-06,91.997,94.553,91.367,93.667,89.233446,8791578,3.82
2020-07-13,94.993,96.017,90.283,93.607,89.176286,11008818,-0.06
2020-07-20,93.763,96.29,90.923,92.353,87.982273,9343677,-1.34
2020-07-27,93.52,97.48,93.203,96.797,92.215304,10234980,4.81
2020-08-03,97.387,100.34,97.373,98.733,94.060309,7309983,2.0
2020-08-10,99.03,101.123,97.3,99.793,95.07014,7999800,1.07
2020-08-17,100.617,101.563,98.19,99.597,94.882781,6285225,-0.2
2020-08-24,100.75,102.677,99.847,102.637,97.778899,6525135,3.05
2020-08-31,102.567,108.087,96.84,100.42,95.667147,12795459,-2.16
2020-09-08,96.813,99.957,95.587,96.973,92.38361,8389647,-3.43
2020-09-14,98.917,101.463,96.79,98.067,93.425196,6558102,1.13
2020-09-21,96.22,99.1,95.393,98.417,94.097761,9288636,0.72
2020-09-28,99.813,103.907,99.167,100.6,96.185282,9755349,2.22
2020-10-05,101.517,108.707,101.38,108.403,103.646174,7625313,7.76
2020-10-12,109.837,110.753,107.11,108.56,103.795966,7527558,0.14
2020-10-19,109.45,110.097,105.77,106.78,102.094079,5033157,-1.64
2020-10-26,105.867,106.247,100.48,101.827,97.358117,6884862,-4.64
2020-11-02,102.78,114.85,101.313,114.433,109.411554,10692696,12.38
2020-11-09,117.507,117.923,109.423,113.633,108.646661,7728462,-0.7
2020-11-16,114.563,117.356,113.707,115.79,110.708685,6619332,1.9
2020-11-23,116.307,119.92,115.933,119.223,113.991351,5911323,2.97
2020-11-30,119.423,126.547,117.913,126.47,120.920006,8743125,6.08
2020-12-07,127.187,128.017,121.203,122.55,117.17203,8385429,-3.1
2020-12-14,123.44,126.287,123.167,124.947,119.706709,6163533,2.16
2020-12-21,123.367,124.617,122.323,124.373,119.15742,4305678,-0.46
2020-12-28,125.833,126.59,122.543,126.393,121.092706,4796316,1.62
2021-01-04,127.213,135.37,124.953,132.92,127.345661,11302254,5.16
2021-01-11,131.767,139.752,131.667,135.357,129.680139,11488740,1.83
2021-01-19,137.583,142.083,137.259,139.117,133.282454,8581395,2.78
2021-01-25,140.28,140.64,129.41,130.473,125.001601,14432403,-6.21
2021-02-01,132.697,138.75,132.257,135.203,129.533236,10416891,3.63
2021-02-08,136.113,146.003,136.107,145.72,139.60886,9589617,7.78
2021-02-16,147.456,147.99,140.68,145.897,139.778117,10451145,0.12
2021-02-22,144.0,145.013,134.027,138.97,133.141939,19724397,-4.75
2021-03-01,141.077,143.98,125.184,132.203,126.659049,23473500,-4.87
2021-03-08,132.033,136.593,125.02,134.387,128.750818,22407096,1.65
2021-03-15,135.107,141.847,133.467,136.587,130.858556,29122053,1.64
2021-03-22,138.263,141.11,130.273,140.443,134.806989,27451038,3.02
2021-03-29,139.13,146.61,136.33,146.527,140.646183,24152436,4.33
2021-04-05,148.937,149.92,146.343,148.933,142.956264,22457319,1.64
2021-04-12,148.153,148.667,144.687,147.227,141.31809,19317789,-1.15
2021-04-19,146.143,146.633,140.48,144.45,138.652859,28049325,-1.89
2021-04-26,144.637,147.78,140.337,140.677,135.030958,17949537,-2.61
2021-05-03,141.677,141.823,134.337,140.76,135.110948,20622441,0.06
2021-05-10,139.53,139.53,128.673,134.89,129.476526,30372678,-4.17
2021-05-17,133.64,139.813,129.517,138.013,132.474511,20119188,2.32
2021-05-24,139.457,144.92,139.333,144.227,138.438488,15711993,4.5
2021-06-01,145.317,146.463,141.547,145.667,139.820697,11583462,1.0
2021-06-07,144.977,145.914,142.623,145.2,139.539353,11449323,-0.2
2021-06-14,145.567,147.767,141.957,142.743,137.17846,16439991,-1.69
2021-06-21,142.907,147.863,141.693,146.603,140.887977,8632884,2.7
2021-06-28,147.51,151.697,147.51,150.147,144.293173,9808617,2.42
2021-07-06,150.553,151.04,143.403,148.1,142.326296,7723506,-1.36
2021-07-12,148.733,151.697,141.91,142.25,136.704359,13557519,-3.95
2021-07-19,140.307,148.537,139.503,148.343,142.560143,11807631,4.28
2021-07-26,147.773,152.613,142.59,152.303,146.365762,10546011,2.67
2021-08-02,153.763,157.127,151.81,155.257,149.203958,8913255,1.94
2021-08-09,155.883,155.973,149.523,151.72,145.80517,7650021,-2.28
2021-08-16,151.147,151.547,144.227,148.577,142.784379,8848281,-2.07
2021-08-23,150.12,157.193,150.12,157.007,150.885734,10807776,5.67
2021-08-30,157.647,158.843,154.847,156.96,150.840888,9119562,-0.03
2021-09-07,157.04,158.527,153.033,156.153,150.065669,11609955,-0.51
2021-09-13,157.727,159.397,155.517,156.333,150.238651,13271334,0.12
2021-09-20,153.0,158.667,150.217,157.6,151.82605,10247112,1.06
2021-09-27,155.915,157.834,146.277,148.72,143.271384,21214308,-5.63
2021-10-04,147.95,151.363,144.447,147.853,142.436469,14315799,-0.58
2021-10-11,147.267,151.85,144.42,151.397,145.849986,10616262,2.4
2021-10-18,150.497,156.5,149.633,153.973,148.332252,8596290,1.7
2021-10-25,154.76,158.23,153.487,158.21,152.413701,12204438,2.75
2021-11-01,158.4,173.417,158.0,172.097,165.791605,15563631,8.78
2021-11-08,173.163,176.363,168.543,174.55,168.155057,13831890,1.43
2021-11-15,175.857,180.45,172.627,179.237,172.670019,11325909,2.68
2021-11-22,180.267,182.707,171.64,172.913,166.578352,11415555,-3.53
2021-11-29,175.477,182.16,171.877,174.813,168.408742,14415780,1.1
2021-12-06,174.473,183.76,169.127,179.697,173.113166,10144866,2.79
2021-12-13,180.113,181.41,170.04,171.9,165.87081,13018830,-4.18
2021-12-20,169.4,181.437,168.693,180.27,173.947242,8005440,4.87
2021-12-27,180.93,186.093,180.753,180.773,174.48192,8317938,0.31
2022-01-03,181.99,186.34,173.203,173.747,167.6998,14175222,-3.89
2022-01-10,171.597,182.617,168.0,178.387,172.178316,18776295,2.67
2022-01-18,175.537,175.561,157.197,157.547,152.063605,39918792,-11.68
2022-01-24,154.253,162.257,144.427,151.677,146.397898,50290854,-3.73
2022-01-31,152.437,165.64,151.597,158.94,153.408447,28712700,4.79
2022-02-07,159.333,169.293,153.563,154.673,149.290272,24000321,-2.68
2022-02-14,155.2,164.023,152.8,155.523,150.11069,25161759,0.55
2022-02-22,153.843,159.02,144.678,159.02,153.485663,30629781,2.25
2022-02-28,156.95,159.457,148.1,149.787,144.573675,20097315,-5.81
2022-03-07,150.233,152.217,140.853,144.8,139.760559,29808390,-3.33
2022-03-14,144.367,158.717,139.453,158.077,152.57516,23670402,9.17
2022-03-21,157.467,162.4,154.597,161.773,156.438289,19328136,2.53
2022-03-28,160.803,167.03,152.393,154.703,149.601447,17859540,-4.37
2022-04-04,155.107,157.437,142.703,142.933,138.219604,19609038,-7.61
2022-04-11,140.82,144.013,138.45,138.63,134.058188,19398945,-3.01
2022-04-18,137.937,147.67,136.62,136.85,132.33689,18662772,-1.28
2022-04-25,135.733,141.047,131.23,133.593,129.187623,25687419,-2.38
2022-05-02,133.717,144.837,132.67,136.367,131.869496,19742085,2.08
2022-05-09,133.42,136.783,125.777,135.833,131.353751,24670965,-0.39
2022-05-16,134.453,140.623,126.39,132.317,127.953059,16533876,-2.59
2022-05-23,131.29,143.017,128.173,142.78,138.071328,15149991,7.91
2022-05-31,142.533,144.807,137.86,140.337,135.708571,9344610,-1.71
2022-06-06,143.287,143.76,129.497,129.767,125.67684,13621539,-7.39
2022-06-13,125.0,127.273,115.307,118.013,114.293934,18007131,-9.06
2022-06-21,120.503,124.3,117.153,124.3,120.382465,12900207,5.33
2022-06-27,125.423,126.147,110.96,112.413,108.870428,16105173,-9.56
2022-07-05,109.567,120.333,108.9,119.517,115.749887,11263422,6.32
2022-07-11,117.707,123.313,114.467,123.117,119.236426,16720275,3.01
2022-07-18,125.157,133.633,121.943,130.257,126.151397,18222417,5.8
2022-07-25,129.257,136.157,126.803,135.777,131.497424,15961245,4.24
2022-08-01,134.813,141.253,133.927,139.733,135.32939,13996293,2.91
2022-08-08,137.807,140.963,129.507,140.583,136.1526,15348441,0.61
2022-08-15,139.957,141.5,134.383,135.633,131.358608,9555324,-3.52
2022-08-22,132.883,136.49,128.393,128.597,124.543714,12103272,-5.19
2022-08-29,127.23,128.703,117.195,119.617,115.846735,17142345,-6.98
2022-09-06,119.597,125.842,117.33,125.197,121.250871,9282021,4.66
2022-09-12,125.737,126.43,115.18,118.057,114.335901,15223788,-5.7
2022-09-19,116.55,121.117,109.237,111.253,107.746987,15130545,-5.76
2022-09-26,110.267,112.003,106.08,106.243,103.453381,15636111,-3.98
2022-10-03,107.453,118.027,106.683,108.617,105.764391,16254117,2.23
2022-10-10,108.193,108.323,95.94,99.56,96.945553,21394689,-8.34
2022-10-17,102.21,107.416,100.22,107.15,104.336239,17633223,7.62
2022-10-24,107.51,111.573,105.1,111.25,108.328573,19150251,3.83
2022-10-31,110.247,112.327,103.16,109.667,106.786818,16752957,-1.42
2022-11-07,110.683,126.797,109.237,126.057,122.746416,22489923,14.95
2022-11-14,125.373,130.197,120.223,124.233,120.970964,20436480,-1.45
2022-11-21,122.88,128.56,121.787,125.637,122.337445,10176111,1.13
2022-11-28,124.077,130.243,121.277,126.963,123.629274,16458159,1.06
2022-12-05,126.1,127.317,121.18,124.83,121.551962,11447655,-1.68
2022-12-12,124.217,132.98,119.45,120.64,117.800361,17020968,-3.09
2022-12-19,120.513,121.487,113.747,116.293,113.556007,14775609,-3.6
2022-12-27,115.37,116.64,112.05,115.993,113.263068,11449884,-0.26
2023-01-03,117.957,121.86,114.167,121.223,118.369964,13672518,4.51
2023-01-09,123.447,128.98,122.393,128.737,125.706447,15492576,6.2
2023-01-17,128.297,131.243,124.207,128.51,125.485116,13659117,-0.18
2023-01-23,129.71,136.873,129.503,135.7,132.505877,19584939,5.59
2023-01-30,133.85,146.037,131.717,142.03,138.686881,27744999,4.66
2023-02-06,139.81,145.187,137.663,139.177,135.900709,15267399,-2.01
2023-02-13,139.833,144.447,137.383,138.64,135.376675,14031117,-0.39
2023-02-21,136.484,138.553,132.7,135.427,132.238977,11953758,-2.32
2023-02-27,137.69,140.017,133.477,139.863,136.571213,11065827,3.28
2023-03-06,140.253,142.41,134.327,134.967,131.789804,13374693,-3.5
2023-03-13,133.557,144.077,132.16,141.813,138.475314,16453317,5.07
2023-03-20,142.09,147.63,140.917,143.15,140.132866,15531309,1.2
2023-03-27,143.667,148.447,138.27,148.223,145.09927,12438189,3.54
2023-04-03,147.357,147.917,139.323,140.973,138.002076,9440343,-4.89
2023-04-10,139.76,144.357,139.293,141.033,138.060811,11326503,0.04
2023-04-17,139.517,143.36,137.713,138.937,136.008335,10785945,-1.49
2023-04-24,138.687,139.477,131.53,137.38,134.484479,11959506,-1.12
2023-05-01,137.93,139.467,134.077,138.3,135.385088,10166991,0.67
2023-05-08,138.147,138.98,135.59,136.88,133.995017,9719712,-1.03
2023-05-15,137.27,148.703,136.867,147.58,144.469496,12139875,7.82
2023-05-22,146.25,164.063,142.126,163.223,159.783119,29178609,10.6
2023-05-30,167.0,167.673,158.233,161.253,157.85464,23884296,-1.21
2023-06-05,160.663,164.802,157.397,162.287,159.080947,15100221,0.78
2023-06-12,164.19,172.48,163.99,169.167,165.825043,26829777,4.24
2023-06-20,168.39,169.87,160.837,161.573,158.381705,11867253,-4.49
2023-06-26,162.707,169.763,162.05,169.087,165.746624,11403615,4.65
2023-07-03,169.863,171.0,162.64,164.787,161.531563,8908944,-2.54
2023-07-10,165.303,176.483,165.137,172.71,169.298384,16390044,4.81
2023-07-17,172.773,177.753,167.933,170.223,166.860837,15694719,-1.44
2023-07-24,170.22,178.3,168.823,177.697,174.186546,12681240,4.39
2023-07-31,178.347,178.96,169.023,171.003,167.62543,16172064,-3.77
2023-08-07,172.233,173.023,161.937,162.23,159.0254,15972180,-5.13
2023-08-14,161.607,166.95,157.307,160.23,157.064907,13184412,-1.23
2023-08-21,160.987,169.957,158.667,161.903,158.705186,16126704,1.04
2023-08-28,163.497,171.75,162.283,170.667,167.295413,11494338,5.41
2023-09-05,170.063,171.947,163.413,164.643,161.391062,9090762,-3.53
2023-09-11,166.71,166.74,159.583,160.397,157.228281,10994613,-2.58
2023-09-18,159.167,161.533,154.0,155.353,152.284571,10336806,-3.14
2023-09-25,154.627,160.167,152.157,157.883,155.31568,13141074,1.99
2023-10-02,158.227,160.843,154.3,160.063,157.460227,14154240,1.38
2023-10-09,158.343,165.687,157.17,158.897,156.312533,12525327,-0.73
2023-10-16,159.433,161.743,152.153,152.43,149.951035,14460360,-4.07
2023-10-23,151.527,154.173,145.87,148.11,145.701291,15268968,-2.83
2023-10-30,147.053,159.57,144.403,158.42,155.843619,13251195,6.96
2023-11-06,158.677,165.437,156.63,164.923,162.241189,10143912,4.11
2023-11-13,163.627,172.203,162.253,171.87,169.074882,13917861,4.21
2023-11-20,171.683,175.0,170.263,171.813,169.019137,7065597,-0.03
2023-11-27,171.177,175.01,169.0,172.02,169.222443,11473986,0.12
2023-12-04,170.267,174.713,167.64,173.953,171.124334,13186323,1.12
2023-12-11,175.583,191.91,175.397,189.777,186.690333,19256850,9.1
2023-12-18,189.773,191.1,184.257,189.963,187.242453,12491484,0.3
2023-12-26,190.832,194.637,190.832,192.033,189.282804,6289140,1.09
2024-01-02,188.783,188.783,177.88,180.613,178.026375,14953125,-5.95
2024-01-08,181.857,187.993,181.807,185.797,183.135466,14937231,2.87
2024-01-16,186.027,200.67,183.537,200.41,197.53949,18001173,7.87
2024-01-22,202.07,209.263,198.567,199.257,196.402676,24552630,-0.58
2024-01-29,199.65,201.353,193.607,198.823,195.975549,21366030,-0.22
2024-02-05,200.52,210.143,196.953,209.81,206.804852,19478700,5.53
2024-02-12,209.833,213.305,202.367,208.373,205.388763,21036735,-0.68
2024-02-20,206.42,216.66,201.48,212.157,209.117907,21816669,1.82
2024-02-26,214.297,227.59,210.637,226.613,223.367508,20749302,6.81
2024-03-04,229.127,240.01,221.893,228.13,224.862451,35402884,0.67
2024-03-11,225.5,229.89,217.1,218.76,215.62666,20130169,-4.11
2024-03-18,222.5,229.28,212.654,225.45,222.447823,16807224,3.16
2024-03-25,222.25,227.0,221.4,225.92,222.911564,12653692,0.21
2024-04-01,226.06,231.45,218.56,221.63,218.678692,13417201,-1.9
2024-04-08,222.94,225.87,217.64,218.07,215.166098,14316071,-1.61
2024-04-15,221.05,221.86,197.43,198.39,195.748164,22201132,-9.02
2024-04-22,200.44,217.82,198.02,216.9,214.011678,19932236,9.33
2024-04-29,216.52,220.0,205.59,216.17,213.291399,21276648,-0.34
2024-05-06,218.01,222.42,216.37,220.24,217.307202,13466723,1.88
2024-05-13,221.2,232.44,220.32,228.24,225.200671,11783328,3.63
2024-05-20,229.27,240.92,228.845,238.56,235.383246,15377646,4.52
2024-05-28,241.35,243.63,227.5,234.01,230.893835,9417501,-1.91
2024-06-03,237.8,242.97,230.2,240.02,236.823804,12126134,2.57
2024-06-10,238.16,254.08,237.825,252.04,249.001104,12629202,5.14
2024-06-17,253.73,260.65,246.94,249.78,246.768353,13247102,-0.9
2024-06-24,247.53,251.46,241.785,246.63,243.656333,14707608,-1.26
2024-07-01,246.49,256.825,241.97,254.76,251.688308,7163870,3.3
2024-07-08,256.71,267.24,255.97,259.89,256.756455,15372355,2.01
2024-07-15,261.35,263.63,236.04,236.44,233.589196,25156388,-9.02
2024-07-22,241.52,246.439,220.63,229.37,226.60444,25342501,-2.99
2024-07-29,231.6,235.6,204.21,206.81,204.316451,40186200,-9.84
2024-08-05,193.09,213.675,192.87,211.78,209.226526,30839649,2.4
2024-08-12,212.1,232.62,210.3,231.23,228.442014,20958679,9.18
2024-08-19,230.33,237.5,226.62,233.39,230.57597,13040136,0.93
2024-08-26,232.47,233.21,223.62,231.14,228.353099,14987184,-0.96
2024-09-03,226.8,226.83,202.86,203.93,201.471175,21234648,-11.77
2024-09-09,207.24,223.45,204.56,222.85,220.163053,22998155,9.28
2024-09-16,219.67,230.06,217.04,223.67,220.973166,18621293,0.37
2024-09-23,224.75,238.38,222.95,232.68,230.434627,16801180,4.28
2024-09-30,229.79,232.88,222.33,231.08,228.850067,13180814,-0.69
2024-10-07,229.6,236.19,228.775,235.46,233.1878,12993838,1.9
2024-10-14,236.96,240.47,225.72,229.36,227.146665,16391626,-2.59
2024-10-21,228.44,233.07,222.87,229.58,227.364542,11228216,0.1
2024-10-28,229.5,236.455,216.56,220.58,218.451393,17219286,-3.92
2024-11-04,219.93,233.405,218.5,231.36,229.127365,12569215,4.89
2024-11-11,229.18,229.18,210.585,211.21,209.171814,17839314,-8.71
2024-11-18,211.15,217.26,209.65,216.17,214.08395,15720489,2.35
2024-11-25,218.97,220.59,208.89,215.4,213.32138,11199190,-0.36
2024-12-02,216.7,224.32,216.519,219.83,217.70863,12548194,2.06
2024-12-09,218.5,224.66,212.19,223.3,221.145145,13776390,1.58
2024-12-16,224.01,228.58,210.3,214.82,213.082218,19534069,-3.65
2024-12-23,216.47,224.95,216.47,221.64,219.847048,7535800,3.17
2024-12-30,217.84,223.04,214.64,222.47,220.670334,8954990,0.37
2025-01-06,227.26,231.89,216.78,218.2,216.434876,15051033,-1.92
2025-01-13,213.85,230.32,213.66,229.74,227.881523,13517838,5.29
2025-01-21,231.81,238.34,229.71,230.64,228.774243,11459523,0.39
2025-01-27,219.0,224.29,208.98,218.13,216.365442,37016732,-5.42
2025-02-03,212.39,222.08,210.96,216.87,215.115635,15998896,-0.58
2025-02-10,218.45,223.77,215.95,223.07,221.26548,10379405,2.86
2025-02-18,224.7,233.44,223.13,223.98,222.168118,11830036,0.41
2025-02-24,224.97,225.34,203.12,208.52,206.833182,17520780,-6.9
2025-03-03,211.51,211.65,196.48,203.85,202.20096,22670626,-2.24
2025-03-10,198.82,201.705,189.11,201.12,199.493044,18531407,-1.34
2025-03-17,200.31,206.43,196.37,199.38,198.020035,12684032,-0.74
2025-03-24,203.57,206.66,187.44,188.68,187.393019,16728179,-5.37
2025-03-31,184.7,192.02,154.61,157.63,156.55481,33707636,-16.46
2025-04-07,152.03,185.56,148.31,172.26,171.08502,77639193,9.28
2025-04-14,177.55,177.55,161.83,166.55,165.413967,23984439,-3.31
2025-04-21,163.14,186.12,160.26,184.81,183.549416,28187772,10.96
2025-04-28,183.89,191.87,176.769,190.03,188.733811,18561912,2.82
2025-05-05,188.19,195.63,184.268,193.94,192.617141,15436652,2.06
2025-05-12,206.8,216.7,204.99,213.13,211.676247,27270434,9.89
2025-05-19,208.22,213.9,199.93,202.56,201.178344,28235735,-4.96
2025-05-27,206.96,213.17,201.115,204.94,203.54211,32210565,1.17
2025-06-02,204.42,220.28,204.29,217.34,215.85753,40806276,6.05
2025-06-09,219.325,229.8,219.13,220.96,219.452838,41427514,1.67
2025-06-16,223.585,229.64,222.16,225.11,224.064598,27922400,2.1
2025-06-23,225.015,241.234,221.86,238.86,237.750743,28255604,6.11
2025-06-30,240.165,244.198,234.08,243.34,242.209938,24866638,1.88
2025-07-07,241.29,247.52,237.75,246.17,245.026796,24069522,1.16
2025-07-14,244.15,249.96,239.215,246.73,245.584195,28473554,0.23
2025-07-21,247.355,250.19,239.06,241.54,240.418297,25174515,-2.1
2025-07-28,244.21,249.53,232.33,237.24,236.138266,35001554,-1.78
2025-08-04,238.76,243.37,233.67,242.87,241.742121,27680519,2.37
2025-08-11,243.78,255.06,241.95,248.32,247.166811,32402096,2.24
2025-08-18,247.54,251.99,237.1,249.09,247.933235,29018154,0.31
2025-08-25,248.85,254.32,244.17,245.32,244.180743,25344560,-1.51
2025-09-02,238.67,248.5,238.15,247.05,245.902709,41080308,0.71
2025-09-08,248.405,256.51,247.23,255.64,254.452817,50424680,3.48
2025-09-15,255.2,268.98,254.53,265.86,265.181587,39790097,4.22
2025-09-22,266.65,272.13,261.8,268.83,268.144009,38017393,1.12
2025-09-29,271.72,284.34,267.76,279.96,279.245608,38265578,4.14
2025-10-06,290.99,292.51,271.46,271.99,271.295945,64823507,-2.85
2025-10-13,282.78,292.26,277.36,288.17,287.434658,38446558,5.95
2025-10-20,290.61,298.22,278.46,295.86,295.105034,27668804,2.67
2025-10-27,301.43,312.79,300.405,306.55,305.767756,23619501,3.61
2025-11-03,310.4,311.753,283.59,294.38,293.628811,36335810,-3.97
2025-11-10,302.44,303.36,279.41,288.52,287.783764,34176304,-1.99
2025-11-17,286.07,291.53,260.44,270.83,270.138905,53154048,-6.13
2025-11-24,273.78,296.99,272.76,296.74,295.982789,21223838,9.57
2025-12-01,292.87,312.83,292.53,309.4,308.610484,21864756,4.27
2025-12-08,311.925,317.35,297.96,299.48,298.715797,31808287,-3.21
2025-12-15,302.595,303.5,284.43,299.81,299.483384,33329603,0.26
2025-12-22,306.725,307.54,301.37,306.04,305.706597,10311724,2.08
2025-12-29,303.37,315.81,301.11,313.69,313.348263,18051126,2.5
2026-01-05,320.7,330.67,316.4,328.78,328.421824,32762935,4.81
2026-01-12,325.695,345.41,325.53,342.47,342.09691,26123138,4.16
2026-01-20,336.2,354.6,335.96,344.71,344.334469,22434600,0.65
2026-01-26,343.29,363.8,341.13,346.3,345.922737,32281594,0.46
2026-02-02,342.37,357.12,323.33,348.51,348.13033,50863199,0.64
2026-02-09,344.84,365.38,343.88,354.66,354.27363,36291842,1.76
2026-02-17,349.805,361.665,345.32,359.43,359.038433,21340158,1.34
2026-02-23,357.57,368.82,348.34,352.29,351.906212,36664904,-1.99
2026-03-02,343.79,352.33,321.49,323.51,323.157565,51852973,-8.17
2026-03-09,318.31,345.56,316.22,331.32,330.959057,37969708,2.41
2026-03-16,338.89,343.44,326.76,332.51,332.352333,36587500,0.42
2026-03-23,340.115,347.68,322.16,323.48,323.326614,35814783,-2.72
2026-03-30,326.75,342.65,307.255,339.61,339.448966,43893141,4.99
2026-04-06,341.52,389.603,338.47,386.6,386.416684,28633274,13.84
2026-04-13,384.88,415.73,384.37,415.71,415.512881,25279733,7.53
2026-04-20,417.43,463.87,411.79,461.6,461.381121,33612216,11.04
2026-04-27,461.75,466.91,431.74,465.75,465.529154,35238491,0.9
2026-05-04,467.93,520.46,457.81,520.3,520.053287,39873016,11.71
2026-05-11,524.08,533.74,495.71,508.52,508.278873,44100177,-2.26
2026-05-18,518.02,541.89,477.95,537.33,537.075212,46094653,5.67
2026-05-26,556.99,584.5,551.89,569.08,568.810157,34426251,5.91
2026-06-01,563.67,618.84,539.57,539.77,539.514055,56862118,-5.15
2026-06-08,569.765,602.69,522.24,596.25,595.967274,76305878,10.46
2026-06-15,622.61,644.43,590.63,639.45,639.45,37990107,7.3
2026-06-22,653.955,655.95,586.66,589.94,589.94,52801786,-7.74
2026-06-29,593.71,644.94,571.6,599.7,599.7,29774729,1.65
